[
    {
        "id": 1,
        "description": ["Regular fit",
        "Lace closure",
        "Mesh, neoprene and suede upper",
        "BOOST midsole",
        "Torsion System",
        "Rubber outsole",
        "Upper contains a minimum of 50% recycled content",
        "Imported",
        "Product colour: Core Black / Core Black / Spark",
        "Product code: IG8499"]
    },
    {
        "id": 2,
        "description": "STYLISH SNEAKERS MADE IN PART WITH RECYCLED MATERIALS."
    },
    {
        "id": 3,
        "description": "Up the style. Up the energy. These BOOST sneakers are responsive and stylish. The soft upper is lined for comfort."
    },
    {
        "id": 4,
        "description": "Made with a series of recycled materials, this upper features at least 50% recycled content. This product represents just one of our solutions to help end plastic waste."
    },
    {
        "id": 5,
        "description": ["Upper contains a minimum of 50% recycled content",
        "Imported",
        "Product colour: Core Black / Core Black / Bright Red",
        "Product code: IG8500"]
    }
]