[
    {
        "id":1,
        "title": "Product 1",
        "thumbnail" : "product1.jpg",
        "price": 10.99
    },

    {
        "id":2,
        "title": "Product 2",
        "thumbnail" : "product2.jpg",
        "price": 20.99
    },

    {
        "id":3,
        "title": "Product 3",
        "thumbnail" : "product3.jpg",
        "price": 30.99
    },

    {
        "id":4,
        "title": "Product 4",
        "thumbnail" : "product4.jpg",
        "price": 40.99
    },

    {
        "id":5,
        "title": "Product 5",
        "thumbnail" : "product5.jpg",
        "price": 50.99
    }
]
    
